2026-04-28 08,0,12 192.168.1.45 SUCCESS user_login, j_smith
2026-04-28 08,2,15 45.33.22.110 FAILURE user_login, admin
2026-04-28 08,2,16 45.33.22.110 FAILURE user_login, admin
2026-04-28 08,2,17 45.33.22.110 FAILURE user_login, admin
2026-04-28 08,2,19 45.33.22.110 FAILURE user_login, admin
2026-04-28 08,2,20 45.33.22.110 FAILURE user_login, admin
2026-04-28 08,2,22 45.33.22.110 FAILURE user_login, admin
2026-04-28 08,2,24 45.33.22.110 FAILURE user_login, admin
2026-04-28 08,5,30 10.0.0.12 SUCCESS file_access, /home/j_smith/report.pdf
2026-04-28 08,10,45 185.122.45.67 FAILURE user_login, m_ross
2026-04-28 08,10,47 185.122.45.67 FAILURE user_login, m_ross
2026-04-28 08,10,50 185.122.45.67 SUCCESS user_login, m_ross
2026-04-28 08,11,05 185.122.45.67 ACCESS_DENIED url_request, /admin/config.php
2026-04-28 08,11,12 185.122.45.67 SUCCESS url_request, /.env
2026-04-28 08,15,22 192.168.1.102 SUCCESS user_login, d_miller
2026-04-28 08,20,01 103.44.12.99 FAILURE user_login, root
2026-04-28 08,20,02 103.44.12.99 FAILURE user_login, root
2026-04-28 08,20,03 103.44.12.99 FAILURE user_login, root
2026-04-28 08,20,04 103.44.12.99 FAILURE user_login, root
2026-04-28 08,20,05 103.44.12.99 FAILURE user_login, root
2026-04-28 08,20,07 103.44.12.99 FAILURE user_login, root
2026-04-28 08,20,08 103.44.12.99 FAILURE user_login, root
2026-04-28 08,20,09 103.44.12.99 FAILURE user_login, root
2026-04-28 08,20,11 103.44.12.99 FAILURE user_login, root
2026-04-28 08,32,44 192.168.1.55 SUCCESS user_login, a_clark
2026-04-28 08,35,10 172.16.5.12 SUCCESS url_request, /dashboard/index.html
2026-04-28 08,40,15 91.23.44.12 SUCCESS url_request, /api/v1/health
2026-04-28 08,42,00 185.122.45.67 SUCCESS url_request, /.git/config
2026-04-28 08,45,11 192.168.1.45 SUCCESS file_access, /shared/marketing/q2_plan.docx
2026-04-28 08,50,55 194.55.10.12 FAILURE user_login, sysadmin
2026-04-28 08,50,56 194.55.10.12 FAILURE user_login, sysadmin
2026-04-28 08,50,58 194.55.10.12 FAILURE user_login, sysadmin
2026-04-28 08,50,59 194.55.10.12 SUCCESS user_login, sysadmin
2026-04-28 08,51,20 194.55.10.12 SUCCESS url_request, /admin/user_management
2026-04-28 08,55,00 10.0.0.50 SUCCESS user_login, b_wright
2026-04-28 09,2,10 203.0.113.45 FAILURE user_login, oracle
2026-04-28 09,2,12 203.0.113.45 FAILURE user_login, oracle
2026-04-28 09,2,13 203.0.113.45 FAILURE user_login, oracle
2026-04-28 09,2,14 203.0.113.45 FAILURE user_login, oracle
2026-04-28 09,2,16 203.0.113.45 FAILURE user_login, oracle
2026-04-28 09,2,17 203.0.113.45 FAILURE user_login, oracle
2026-04-28 09,10,05 192.168.1.105 SUCCESS user_login, s_jones
2026-04-28 09,12,44 45.33.22.110 ACCESS_DENIED url_request, /wp-admin/
2026-04-28 09,15,30 192.168.1.105 SUCCESS file_access, /home/s_jones/todo.txt
2026-04-28 09,20,15 77.88.99.1 FAILURE user_login, svc_backup
2026-04-28 09,20,17 77.88.99.1 FAILURE user_login, svc_backup
2026-04-28 09,20,18 77.88.99.1 FAILURE user_login, svc_backup
2026-04-28 09,20,19 77.88.99.1 SUCCESS user_login, svc_backup
2026-04-28 09,25,40 10.0.0.22 SUCCESS url_request, /internal/wiki
2026-04-28 09,30,12 192.168.1.45 SUCCESS user_login, j_smith
2026-04-28 09,35,55 5.188.10.4 FAILURE user_login, guest
2026-04-28 09,35,56 5.188.10.4 FAILURE user_login, guest
2026-04-28 09,35,57 5.188.10.4 FAILURE user_login, guest
2026-04-28 09,35,58 5.188.10.4 FAILURE user_login, guest
2026-04-28 09,35,59 5.188.10.4 FAILURE user_login, guest
2026-04-28 09,36,00 5.188.10.4 FAILURE user_login, guest
2026-04-28 09,36,02 5.188.10.4 FAILURE user_login, guest
2026-04-28 09,40,15 192.168.1.200 SUCCESS user_login, printer_service
2026-04-28 09,45,33 185.122.45.67 SUCCESS url_request, /backup.sql
2026-04-28 09,50,10 10.0.0.15 SUCCESS user_login, t_wilson
2026-04-28 09,55,22 172.16.0.45 SUCCESS url_request, /img/logo.png
2026-04-28 10,0,05 192.168.1.45 SUCCESS file_modify, /shared/marketing/q2_plan.docx
2026-04-28 10,5,12 45.33.22.110 ACCESS_DENIED url_request, /phpmyadmin/
2026-04-28 10,10,45 103.44.12.99 FAILURE user_login, support
2026-04-28 10,10,46 103.44.12.99 FAILURE user_login, support
2026-04-28 10,10,47 103.44.12.99 FAILURE user_login, support
2026-04-28 10,10,48 103.44.12.99 FAILURE user_login, support
2026-04-28 10,10,49 103.44.12.99 SUCCESS user_login, support
2026-04-28 10,15,30 192.168.1.102 SUCCESS url_request, /mail/inbox
2026-04-28 10,20,12 10.0.0.12 SUCCESS user_login, j_smith
2026-04-28 10,25,44 185.122.45.67 ACCESS_DENIED url_request, /etc/passwd
2026-04-28 10,30,00 192.168.1.55 SUCCESS file_access, /home/a_clark/credentials.txt
2026-04-28 10,35,15 5.188.10.4 FAILURE user_login, user1
2026-04-28 10,35,16 5.188.10.4 FAILURE user_login, user1
2026-04-28 10,35,17 5.188.10.4 FAILURE user_login, user1
2026-04-28 10,35,18 5.188.10.4 FAILURE user_login, user1
2026-04-28 10,35,19 5.188.10.4 FAILURE user_login, user1
2026-04-28 10,35,20 5.188.10.4 FAILURE user_login, user1
2026-04-28 10,35,21 5.188.10.4 FAILURE user_login, user1
2026-04-28 10,40,05 10.0.0.22 SUCCESS user_login, r_davis
2026-04-28 10,45,22 91.23.44.12 SUCCESS url_request, /js/main.js
2026-04-28 10,50,33 194.55.10.12 SUCCESS url_request, /admin/settings/delete
2026-04-28 10,55,10 192.168.1.105 SUCCESS file_access, /home/s_jones/photo.jpg
2026-04-28 11,0,15 45.33.22.110 FAILURE user_login, ftpuser
2026-04-28 11,0,16 45.33.22.110 FAILURE user_login, ftpuser
2026-04-28 11,0,17 45.33.22.110 FAILURE user_login, ftpuser
2026-04-28 11,0,18 45.33.22.110 FAILURE user_login, ftpuser
2026-04-28 11,0,19 45.33.22.110 FAILURE user_login, ftpuser
2026-04-28 11,5,40 10.0.0.50 SUCCESS url_request, /hr/payroll
2026-04-28 11,10,22 172.16.5.12 SUCCESS user_login, l_thompson
2026-04-28 11,15,33 103.44.12.99 ACCESS_DENIED url_request, /server-status
2026-04-28 11,20,01 192.168.1.45 SUCCESS url_request, /search?q=splunk
2026-04-28 11,25,55 185.122.45.67 SUCCESS url_request, /config/db.php.bak
2026-04-28 11,30,12 10.0.0.15 SUCCESS file_access, /home/t_wilson/notes.md
2026-04-28 11,35,45 5.188.10.4 FAILURE user_login, test
2026-04-28 11,35,46 5.188.10.4 FAILURE user_login, test
2026-04-28 11,35,47 5.188.10.4 FAILURE user_login, test
2026-04-28 11,35,48 5.188.10.4 FAILURE user_login, test
2026-04-28 11,35,49 5.188.10.4 FAILURE user_login, test
2026-04-28 11,40,05 192.168.1.102 SUCCESS user_login, d_miller
2026-04-28 11,45,22 77.88.99.1 SUCCESS file_modify, /var/log/syslog
2026-04-28 11,50,33 194.55.10.12 SUCCESS url_request, /admin/logs/clear
2026-04-28 11,55,10 10.0.0.22 SUCCESS user_login, r_davis
2026-04-28 12,0,15 45.33.22.110 ACCESS_DENIED url_request, /.aws/credentials
2026-04-28 12,5,40 192.168.1.55 SUCCESS url_request, /index.html
2026-04-28 12,10,22 203.0.113.45 FAILURE user_login, webmaster
2026-04-28 12,10,23 203.0.113.45 FAILURE user_login, webmaster
2026-04-28 12,10,24 203.0.113.45 FAILURE user_login, webmaster
2026-04-28 12,10,25 203.0.113.45 SUCCESS user_login, webmaster
2026-04-28 12,15,33 103.44.12.99 ACCESS_DENIED url_request, /root/
2026-04-28 12,20,01 192.168.1.45 SUCCESS user_login, j_smith
2026-04-28 12,25,55 185.122.45.67 SUCCESS url_request, /setup.php
2026-04-28 12,30,12 10.0.0.12 SUCCESS file_access, /home/j_smith/keys.pem
2026-04-28 12,35,45 5.188.10.4 FAILURE user_login, tomcat
2026-04-28 12,35,46 5.188.10.4 FAILURE user_login, tomcat
2026-04-28 12,35,47 5.188.10.4 FAILURE user_login, tomcat
2026-04-28 12,35,48 5.188.10.4 FAILURE user_login, tomcat
2026-04-28 12,35,49 5.188.10.4 FAILURE user_login, tomcat
2026-04-28 12,40,05 192.168.1.105 SUCCESS user_login, s_jones
2026-04-28 12,45,22 172.16.5.12 SUCCESS url_request, /css/bootstrap.min.css
2026-04-28 12,50,33 194.55.10.12 SUCCESS url_request, /admin/users/add
2026-04-28 12,55,10 10.0.0.50 SUCCESS user_login, b_wright
2026-04-28 13,0,15 45.33.22.110 ACCESS_DENIED url_request, /.ssh/id_rsa
2026-04-28 13,5,40 192.168.1.45 SUCCESS url_request, /contact.html
2026-04-28 13,10,22 91.23.44.12 SUCCESS user_login, k_white
2026-04-28 13,15,33 103.44.12.99 ACCESS_DENIED url_request, /var/www/html/.git/
2026-04-28 13,20,01 192.168.1.55 SUCCESS user_login, a_clark
2026-04-28 13,25,55 185.122.45.67 SUCCESS url_request, /upload/shell.php
2026-04-28 13,30,12 10.0.0.15 SUCCESS file_access, /home/t_wilson/data.csv
2026-04-28 13,35,45 5.188.10.4 FAILURE user_login, vagrant
2026-04-28 13,35,46 5.188.10.4 FAILURE user_login, vagrant
2026-04-28 13,35,47 5.188.10.4 FAILURE user_login, vagrant
2026-04-28 13,35,48 5.188.10.4 FAILURE user_login, vagrant
2026-04-28 13,35,49 5.188.10.4 FAILURE user_login, vagrant
2026-04-28 13,40,05 192.168.1.102 SUCCESS user_login, d_miller
2026-04-28 13,45,22 77.88.99.1 SUCCESS file_access, /etc/shadow
2026-04-28 13,50,33 194.55.10.12 SUCCESS url_request, /admin/db/export
2026-04-28 13,55,10 10.0.0.22 SUCCESS user_login, r_davis
2026-04-28 14,0,15 45.33.22.110 ACCESS_DENIED url_request, /config.json
2026-04-28 14,5,40 192.168.1.200 SUCCESS url_request, /check_updates
2026-04-28 14,10,22 203.0.113.45 FAILURE user_login, Jenkins
2026-04-28 14,10,23 203.0.113.45 FAILURE user_login, Jenkins
2026-04-28 14,10,24 203.0.113.45 FAILURE user_login, Jenkins
2026-04-28 14,10,25 203.0.113.45 SUCCESS user_login, Jenkins
2026-04-28 14,15,33 103.44.12.99 ACCESS_DENIED url_request, /bin/sh
2026-04-28 14,20,01 192.168.1.45 SUCCESS user_login, j_smith
2026-04-28 14,25,55 185.122.45.67 SUCCESS url_request, /cgi-bin/test-cgi
2026-04-28 14,30,12 10.0.0.12 SUCCESS file_access, /home/j_smith/project_alpha.zip
2026-04-28 14,35,45 5.188.10.4 FAILURE user_login, mysql
2026-04-28 14,35,46 5.188.10.4 FAILURE user_login, mysql
2026-04-28 14,35,47 5.188.10.4 FAILURE user_login, mysql
2026-04-28 14,35,48 5.188.10.4 FAILURE user_login, mysql
2026-04-28 14,35,49 5.188.10.4 FAILURE user_login, mysql
2026-04-28 14,40,05 192.168.1.105 SUCCESS user_login, s_jones
2026-04-28 14,45,22 172.16.5.12 SUCCESS url_request, /favicon.ico
2026-04-28 14,50,33 194.55.10.12 SUCCESS url_request, /admin/logout
2026-04-28 14,55,10 10.0.0.50 SUCCESS user_login, b_wright
2026-04-28 15,0,15 45.33.22.110 ACCESS_DENIED url_request, /docker-compose.yml
2026-04-28 15,5,40 192.168.1.55 SUCCESS url_request, /blog/how-to-detect-attacks
2026-04-28 15,10,22 91.23.44.12 SUCCESS user_login, p_green
2026-04-28 15,15,33 103.44.12.99 ACCESS_DENIED url_request, /proc/self/environ
2026-04-28 15,20,01 192.168.1.45 SUCCESS user_login, j_smith
2026-04-28 15,25,55 185.122.45.67 SUCCESS url_request, /v2/_catalog
2026-04-28 15,30,12 10.0.0.15 SUCCESS file_access, /home/t_wilson/budget.xlsx
2026-04-28 15,35,45 5.188.10.4 FAILURE user_login, elastic
2026-04-28 15,35,46 5.188.10.4 FAILURE user_login, elastic
2026-04-28 15,35,47 5.188.10.4 FAILURE user_login, elastic
2026-04-28 15,35,48 5.188.10.4 FAILURE user_login, elastic
2026-04-28 15,35,49 5.188.10.4 FAILURE user_login, elastic
2026-04-28 15,40,05 192.168.1.102 SUCCESS user_login, d_miller
2026-04-28 15,45,22 77.88.99.1 SUCCESS file_delete, /tmp/session_019283
2026-04-28 15,50,33 194.55.10.12 SUCCESS url_request, /login
2026-04-28 15,55,10 10.0.0.22 SUCCESS user_login, r_davis
2026-04-28 16,0,15 45.33.22.110 ACCESS_DENIED url_request, /server.key
2026-04-28 16,5,40 192.168.1.45 SUCCESS url_request, /about
2026-04-28 16,10,22 203.0.113.45 FAILURE user_login, deployment
2026-04-28 16,10,23 203.0.113.45 FAILURE user_login, deployment
2026-04-28 16,10,24 203.0.113.45 FAILURE user_login, deployment
2026-04-28 16,10,25 203.0.113.45 SUCCESS user_login, deployment
2026-04-28 16,15,33 103.44.12.99 ACCESS_DENIED url_request, /api/v1/secrets
2026-04-28 16,20,01 192.168.1.55 SUCCESS user_login, a_clark
2026-04-28 16,25,55 185.122.45.67 SUCCESS url_request, /xmlrpc.php
2026-04-28 16,30,12 10.0.0.12 SUCCESS file_access, /home/j_smith/invoice_102.pdf
2026-04-28 16,35,45 5.188.10.4 FAILURE user_login, postgres
2026-04-28 16,35,46 5.188.10.4 FAILURE user_login, postgres
2026-04-28 16,35,47 5.188.10.4 FAILURE user_login, postgres
2026-04-28 16,35,48 5.188.10.4 FAILURE user_login, postgres
2026-04-28 16,35,49 5.188.10.4 FAILURE user_login, postgres
2026-04-28 16,40,05 192.168.1.105 SUCCESS user_login, s_jones
2026-04-28 16,45,22 172.16.5.12 SUCCESS url_request, /help
2026-04-28 16,50,33 194.55.10.12 SUCCESS url_request, /admin/monitor
2026-04-28 16,55,10 10.0.0.50 SUCCESS user_login, b_wright
2026-04-28 17,0,15 45.33.22.110 ACCESS_DENIED url_request, /id_rsa.pub
2026-04-28 17,5,40 192.168.1.45 SUCCESS url_request, /news
2026-04-28 17,10,22 91.23.44.12 SUCCESS user_login, m_lee
2026-04-28 17,15,33 103.44.12.99 ACCESS_DENIED url_request, /usr/local/etc/config
2026-04-28 17,20,01 192.168.1.55 SUCCESS user_login, a_clark
2026-04-28 17,25,55 185.122.45.67 SUCCESS url_request, /login.php?debug=1
2026-04-28 17,30,12 10.0.0.15 SUCCESS file_access, /home/t_wilson/meeting_notes.txt
2026-04-28 17,35,45 5.188.10.4 FAILURE user_login, user
2026-04-28 17,35,46 5.188.10.4 FAILURE user_login, user
2026-04-28 17,35,47 5.188.10.4 FAILURE user_login, user
2026-04-28 17,35,48 5.188.10.4 FAILURE user_login, user
2026-04-28 17,35,49 5.188.10.4 FAILURE user_login, user
2026-04-28 17,40,05 192.168.1.102 SUCCESS user_login, d_miller
2026-04-28 17,45,22 77.88.99.1 SUCCESS file_access, /root/.bash_history
2026-04-28 17,50,33 194.55.10.12 SUCCESS url_request, /admin/dashboard
2026-04-28 17,55,10 10.0.0.22 SUCCESS user_login, r_davis
2026-04-28 18,0,15 45.33.22.110 ACCESS_DENIED url_request, /wp-config.php.swp
2026-04-28 18,5,40 192.168.1.45 SUCCESS url_request, /services
2026-04-28 18,10,22 203.0.113.45 FAILURE user_login, dev_user
2026-04-28 18,10,23 203.0.113.45 FAILURE user_login, dev_user
2026-04-28 18,10,24 203.0.113.45 FAILURE user_login, dev_user
2026-04-28 18,10,25 203.0.113.45 SUCCESS user_login, dev_user
2026-04-28 18,15,33 103.44.12.99 ACCESS_DENIED url_request, /app/.env.local
2026-04-28 18,20,01 192.168.1.55 SUCCESS user_login, a_clark
2026-04-28 18,25,55 185.122.45.67 SUCCESS url_request, /search?q='OR 1=1'
2026-04-28 18,30,12 10.0.0.12 SUCCESS file_access, /home/j_smith/vacation.png
2026-04-28 18,35,45 5.188.10.4 FAILURE user_login, bitnami
2026-04-28 18,35,46 5.188.10.4 FAILURE user_login, bitnami
2026-04-28 18,35,47 5.188.10.4 FAILURE user_login, bitnami
2026-04-28 18,35,48 5.188.10.4 FAILURE user_login, bitnami
2026-04-28 18,35,49 5.188.10.4 FAILURE user_login, bitnami
2026-04-28 18,40,05 192.168.1.105 SUCCESS user_login, s_jones
2026-04-28 18,45,22 172.16.5.12 SUCCESS url_request, /robots.txt
2026-04-28 18,50,33 194.55.10.12 SUCCESS url_request, /admin/reports/all
2026-04-28 18,55,10 10.0.0.50 SUCCESS user_login, b_wright
2026-04-28 19,0,15 45.33.22.110 ACCESS_DENIED url_request, /database.sql.gz
2026-04-28 19,5,40 192.168.1.45 SUCCESS url_request, /terms
2026-04-28 19,10,22 91.23.44.12 SUCCESS user_login, f_adams
2026-04-28 19,15,33 103.44.12.99 ACCESS_DENIED url_request, /root/.ssh/authorized_keys
2026-04-28 19,20,01 192.168.1.55 SUCCESS user_login, a_clark
2026-04-28 19,25,55 185.122.45.67 SUCCESS url_request, /admin/upload.php
2026-04-28 19,30,12 10.0.0.15 SUCCESS file_access, /home/t_wilson/manual.pdf
2026-04-28 19,35,45 5.188.10.4 FAILURE user_login, ubuntu
2026-04-28 19,35,46 5.188.10.4 FAILURE user_login, ubuntu
2026-04-28 19,35,47 5.188.10.4 FAILURE user_login, ubuntu
2026-04-28 19,35,48 5.188.10.4 FAILURE user_login, ubuntu
2026-04-28 19,35,49 5.188.10.4 FAILURE user_login, ubuntu
2026-04-28 19,40,05 192.168.1.102 SUCCESS user_login, d_miller
2026-04-28 19,45,22 77.88.99.1 SUCCESS file_modify, /etc/hosts
2026-04-28 19,50,33 194.55.10.12 SUCCESS url_request, /admin/backup/start
2026-04-28 19,55,10 10.0.0.22 SUCCESS user_login, r_davis
2026-04-28 20,0,15 45.33.22.110 ACCESS_DENIED url_request, /web-console/
2026-04-28 20,5,40 192.168.1.45 SUCCESS url_request, /privacy
2026-04-28 20,10,22 203.0.113.45 FAILURE user_login, test_admin
2026-04-28 20,10,23 203.0.113.45 FAILURE user_login, test_admin
2026-04-28 20,10,24 203.0.113.45 FAILURE user_login, test_admin
2026-04-28 20,10,25 203.0.113.45 SUCCESS user_login, test_admin
2026-04-28 20,15,33 103.44.12.99 ACCESS_DENIED url_request, /etc/hostname
2026-04-28 20,20,01 192.168.1.55 SUCCESS user_login, a_clark
2026-04-28 20,25,55 185.122.45.67 SUCCESS url_request, /admin/phpinfo.php
2026-04-28 20,30,12 10.0.0.12 SUCCESS file_access, /home/j_smith/draft.txt
2026-04-28 20,35,45 5.188.10.4 FAILURE user_login, steam
2026-04-28 20,35,46 5.188.10.4 FAILURE user_login, steam
2026-04-28 20,35,47 5.188.10.4 FAILURE user_login, steam
2026-04-28 20,35,48 5.188.10.4 FAILURE user_login, steam
2026-04-28 20,35,49 5.188.10.4 FAILURE user_login, steam
2026-04-28 20,40,05 192.168.1.105 SUCCESS user_login, s_jones
2026-04-28 20,45,22 172.16.5.12 SUCCESS url_request, /assets/index.js
2026-04-28 20,50,33 194.55.10.12 SUCCESS url_request, /admin/maintenance
2026-04-28 20,55,10 10.0.0.50 SUCCESS user_login, b_wright
2026-04-28 21,0,15 45.33.22.110 ACCESS_DENIED url_request, /v1/api/keys
2026-04-28 21,5,40 192.168.1.45 SUCCESS url_request, /products/123
2026-04-28 21,10,22 91.23.44.12 SUCCESS user_login, n_scott
2026-04-28 21,15,33 103.44.12.99 ACCESS_DENIED url_request, /var/log/auth.log
2026-04-28 21,20,01 192.168.1.55 SUCCESS user_login, a_clark
2026-04-28 21,25,55 185.122.45.67 SUCCESS url_request, /admin/cmd.jsp
2026-04-28 21,30,12 10.0.0.15 SUCCESS file_access, /home/t_wilson/final_report.docx
2026-04-28 21,35,45 5.188.10.4 FAILURE user_login, deploy
2026-04-28 21,35,46 5.188.10.4 FAILURE user_login, deploy
2026-04-28 21,35,47 5.188.10.4 FAILURE user_login, deploy
2026-04-28 21,35,48 5.188.10.4 FAILURE user_login, deploy
2026-04-28 21,35,49 5.188.10.4 FAILURE user_login, deploy
2026-04-28 21,40,05 192.168.1.102 SUCCESS user_login, d_miller
2026-04-28 21,45,22 77.88.99.1 SUCCESS file_access, /etc/group
2026-04-28 21,50,33 194.55.10.12 SUCCESS url_request, /admin/plugins
2026-04-28 21,55,10 10.0.0.22 SUCCESS user_login, r_davis
2026-04-28 22,0,15 45.33.22.110 ACCESS_DENIED url_request, /solr/admin/
2026-04-28 22,5,40 192.168.1.45 SUCCESS url_request, /cart
2026-04-28 22,10,22 203.0.113.45 FAILURE user_login, temp_user
2026-04-28 22,10,23 203.0.113.45 FAILURE user_login, temp_user
2026-04-28 22,10,24 203.0.113.45 FAILURE user_login, temp_user
2026-04-28 22,10,25 203.0.113.45 SUCCESS user_login, temp_user
2026-04-28 22,15,33 103.44.12.99 ACCESS_DENIED url_request, /proc/cpuinfo
2026-04-28 22,20,01 192.168.1.55 SUCCESS user_login, a_clark
2026-04-28 22,25,55 185.122.45.67 SUCCESS url_request, /wp-content/plugins/revslider/
2026-04-28 22,30,12 10.0.0.12 SUCCESS file_access, /home/j_smith/setup.sh
2026-04-28 22,35,45 5.188.10.4 FAILURE user_login, zimbra
2026-04-28 22,35,46 5.188.10.4 FAILURE user_login, zimbra
2026-04-28 22,35,47 5.188.10.4 FAILURE user_login, zimbra
2026-04-28 22,35,48 5.188.10.4 FAILURE user_login, zimbra
2026-04-28 22,35,49 5.188.10.4 FAILURE user_login, zimbra
2026-04-28 22,40,05 192.168.1.105 SUCCESS user_login, s_jones
2026-04-28 22,45,22 172.16.5.12 SUCCESS url_request, /api/v1/user/profile
2026-04-28 22,50,33 194.55.10.12 SUCCESS url_request, /admin/audit_logs
2026-04-28 22,55,10 10.0.0.50 SUCCESS user_login, b_wright
2026-04-28 23,0,15 45.33.22.110 ACCESS_DENIED url_request, /nginx_status
2026-04-28 23,5,40 192.168.1.45 SUCCESS url_request, /checkout
2026-04-28 23,10,22 91.23.44.12 SUCCESS user_login, h_king
2026-04-28 23,15,33 103.44.12.99 ACCESS_DENIED url_request, /etc/fstab
2026-04-28 23,20,01 192.168.1.55 SUCCESS user_login, a_clark
2026-04-28 23,25,55 185.122.45.67 SUCCESS url_request, /admin/index.php?s=/index/
2026-04-28 23,30,12 10.0.0.15 SUCCESS file_access, /home/t_wilson/contacts.db
2026-04-28 23,35,45 5.188.10.4 FAILURE user_login, mail
2026-04-28 23,35,46 5.188.10.4 FAILURE user_login, mail
2026-04-28 23,35,47 5.188.10.4 FAILURE user_login, mail
2026-04-28 23,35,48 5.188.10.4 FAILURE user_login, mail
2026-04-28 23,35,49 5.188.10.4 FAILURE user_login, mail
2026-04-28 23,40,05 192.168.1.102 SUCCESS user_login, d_miller
2026-04-28 23,45,22 77.88.99.1 SUCCESS file_access, /etc/sudoers
2026-04-28 23,50,33 194.55.10.12 SUCCESS url_request, /admin/exit
2026-04-28 23,55,10 10.0.0.22 SUCCESS user_login, r_davis
2026-04-29 00,0,01 45.33.22.110 FAILURE user_login, admin
2026-04-29 00,0,02 45.33.22.110 FAILURE user_login, admin
2026-04-29 00,0,03 45.33.22.110 FAILURE user_login, admin
2026-04-29 00,0,04 45.33.22.110 FAILURE user_login, admin
2026-04-29 00,0,05 45.33.22.110 FAILURE user_login, admin
2026-04-29 00,5,10 192.168.1.45 SUCCESS user_login, j_smith
2026-04-29 00,10,15 185.122.45.67 FAILURE user_login, d_jones
2026-04-29 00,10,16 185.122.45.67 FAILURE user_login, d_jones
2026-04-29 00,10,17 185.122.45.67 SUCCESS user_login, d_jones
2026-04-29 00,15,30 185.122.45.67 SUCCESS url_request, /admin/db_management
2026-04-29 00,20,00 10.0.0.15 SUCCESS url_request, /internal/reports
2026-04-29 00,25,44 45.33.22.110 ACCESS_DENIED url_request, /.git/HEAD
2026-04-29 00,30,12 192.168.1.102 SUCCESS user_login, d_miller
2026-04-29 00,35,55 5.188.10.4 FAILURE user_login, testadmin
2026-04-29 00,35,56 5.188.10.4 FAILURE user_login, testadmin
2026-04-29 00,35,57 5.188.10.4 FAILURE user_login, testadmin
2026-04-29 00,35,58 5.188.10.4 FAILURE user_login, testadmin
2026-04-29 00,35,59 5.188.10.4 FAILURE user_login, testadmin
2026-04-29 00,40,05 10.0.0.50 SUCCESS user_login, b_wright
2026-04-29 00,45,22 172.16.5.12 SUCCESS url_request, /index.php
2026-04-29 00,50,33 185.122.45.67 SUCCESS url_request, /admin/export?type=csv
2026-04-29 00,55,10 192.168.1.105 SUCCESS file_access, /home/s_jones/work.doc
2026-04-29 01,0,15 103.44.12.99 FAILURE user_login, administrator
2026-04-29 01,0,16 103.44.12.99 FAILURE user_login, administrator
2026-04-29 01,0,17 103.44.12.99 FAILURE user_login, administrator
2026-04-29 01,0,18 103.44.12.99 FAILURE user_login, administrator
2026-04-29 01,0,19 103.44.12.99 FAILURE user_login, administrator
2026-04-29 01,0,20 103.44.12.99 FAILURE user_login, administrator
2026-04-29 01,0,21 103.44.12.99 FAILURE user_login, administrator
2026-04-29 01,5,40 192.168.1.55 SUCCESS url_request, /home
2026-04-29 01,10,22 203.0.113.45 FAILURE user_login, root
2026-04-29 01,10,23 203.0.113.45 SUCCESS user_login, root
2026-04-29 01,15,33 203.0.113.45 SUCCESS url_request, /admin/system_info
2026-04-29 01,20,01 192.168.1.45 SUCCESS user_login, j_smith
2026-04-29 01,25,55 45.33.22.110 SUCCESS url_request, /phpinfo.php
2026-04-29 01,30,12 10.0.0.22 SUCCESS file_access, /home/r_davis/script.py
2026-04-29 01,35,45 5.188.10.4 FAILURE user_login, manager
2026-04-29 01,35,46 5.188.10.4 FAILURE user_login, manager
2026-04-29 01,35,47 5.188.10.4 FAILURE user_login, manager
2026-04-29 01,35,48 5.188.10.4 FAILURE user_login, manager
2026-04-29 01,35,49 5.188.10.4 FAILURE user_login, manager
2026-04-29 01,40,05 192.168.1.200 SUCCESS user_login, printer_service
2026-04-29 01,45,22 77.88.99.1 SUCCESS file_access, /var/log/apache2/access.log
2026-04-29 01,50,33 203.0.113.45 SUCCESS url_request, /admin/users/list
2026-04-29 01,55,10 10.0.0.12 SUCCESS user_login, j_smith
2026-04-29 02,0,15 185.122.45.67 ACCESS_DENIED url_request, /etc/resolv.conf
2026-04-29 02,5,40 192.168.1.102 SUCCESS url_request, /dashboard
2026-04-29 02,10,22 91.23.44.12 FAILURE user_login, admin
2026-04-29 02,10,23 91.23.44.12 FAILURE user_login, admin
2026-04-29 02,10,24 91.23.44.12 SUCCESS user_login, admin
2026-04-29 02,15,33 91.23.44.12 SUCCESS url_request, /admin/security_settings
2026-04-29 02,20,01 192.168.1.55 SUCCESS user_login, a_clark
2026-04-29 02,25,55 45.33.22.110 SUCCESS url_request, /.env
2026-04-29 02,30,12 10.0.0.15 SUCCESS file_access, /home/t_wilson/old_backups/db.sql
2026-04-29 02,35,45 5.188.10.4 FAILURE user_login, worker
2026-04-29 02,35,46 5.188.10.4 FAILURE user_login, worker
2026-04-29 02,35,47 5.188.10.4 FAILURE user_login, worker
2026-04-29 02,35,48 5.188.10.4 FAILURE user_login, worker
2026-04-29 02,35,49 5.188.10.4 FAILURE user_login, worker
2026-04-29 02,40,05 192.168.1.105 SUCCESS user_login, s_jones
2026-04-29 02,45,22 172.16.5.12 SUCCESS url_request, /static/main.css
2026-04-29 02,50,33 91.23.44.12 SUCCESS url_request, /admin/logs/view
2026-04-29 02,55,10 10.0.0.50 SUCCESS user_login, b_wright
2026-04-29 03,0,15 185.122.45.67 ACCESS_DENIED url_request, /var/www/html/wp-config.php
2026-04-29 03,5,40 192.168.1.45 SUCCESS url_request, /contact-us
2026-04-29 03,10,22 103.44.12.99 FAILURE user_login, root
2026-04-29 03,10,23 103.44.12.99 FAILURE user_login, root
2026-04-29 03,10,24 103.44.12.99 SUCCESS user_login, root
2026-04-29 03,15,33 103.44.12.99 SUCCESS url_request, /admin/console
2026-04-29 03,20,01 192.168.1.102 SUCCESS user_login, d_miller
2026-04-29 03,25,55 45.33.22.110 SUCCESS url_request, /config/database.yml
2026-04-29 03,30,12 10.0.0.22 SUCCESS file_access, /home/r_davis/id_rsa.pub
2026-04-29 03,35,45 5.188.10.4 FAILURE user_login, supervisor
2026-04-29 03,35,46 5.188.10.4 FAILURE user_login, supervisor
2026-04-29 03,35,47 5.188.10.4 FAILURE user_login, supervisor
2026-04-29 03,35,48 5.188.10.4 FAILURE user_login, supervisor
2026-04-29 03,35,49 5.188.10.4 FAILURE user_login, supervisor
2026-04-29 03,40,05 192.168.1.55 SUCCESS user_login, a_clark
2026-04-29 03,45,22 77.88.99.1 SUCCESS file_access, /root/.ssh/config
2026-04-29 03,50,33 103.44.12.99 SUCCESS url_request, /admin/shell
2026-04-29 03,55,10 10.0.0.12 SUCCESS user_login, j_smith
2026-04-29 04,0,15 185.122.45.67 ACCESS_DENIED url_request, /var/lib/mysql/mysql/user.MYD
2026-04-29 04,5,40 192.168.1.45 SUCCESS url_request, /faq
2026-04-29 04,10,22 45.33.22.110 FAILURE user_login, user_admin
2026-04-29 04,10,23 45.33.22.110 FAILURE user_login, user_admin
2026-04-29 04,10,24 45.33.22.110 SUCCESS user_login, user_admin
2026-04-29 04,15,33 45.33.22.110 SUCCESS url_request, /admin/permissions
2026-04-29 04,20,01 192.168.1.105 SUCCESS user_login, s_jones
2026-04-29 04,25,55 185.122.45.67 SUCCESS url_request, /.git/config
2026-04-29 04,30,12 10.0.0.50 SUCCESS file_access, /home/b_wright/test_results.log
2026-04-29 04,35,45 5.188.10.4 FAILURE user_login, sys_user
2026-04-29 04,35,46 5.188.10.4 FAILURE user_login, sys_user
2026-04-29 04,35,47 5.188.10.4 FAILURE user_login, sys_user
2026-04-29 04,35,48 5.188.10.4 FAILURE user_login, sys_user
2026-04-29 04,35,49 5.188.10.4 FAILURE user_login, sys_user
2026-04-29 04,40,05 192.168.1.45 SUCCESS user_login, j_smith
2026-04-29 04,45,22 172.16.5.12 SUCCESS url_request, /api/v1/data
2026-04-29 04,50,33 45.33.22.110 SUCCESS url_request, /admin/user_delete
2026-04-29 04,55,10 10.0.0.15 SUCCESS user_login, t_wilson
2026-04-29 05,0,15 103.44.12.99 ACCESS_DENIED url_request, /etc/crontab
2026-04-29 05,5,40 192.168.1.102 SUCCESS url_request, /pricing
2026-04-29 05,10,22 203.0.113.45 FAILURE user_login, support_01
2026-04-29 05,10,23 203.0.113.45 FAILURE user_login, support_01
2026-04-29 05,10,24 203.0.113.45 SUCCESS user_login, support_01
2026-04-29 05,15,33 203.0.113.45 SUCCESS url_request, /admin/ticket_system
2026-04-29 05,20,01 192.168.1.55 SUCCESS user_login, a_clark
2026-04-29 05,25,55 185.122.45.67 SUCCESS url_request, /config.php.swp
2026-04-29 05,30,12 10.0.0.22 SUCCESS file_access, /home/r_davis/output.txt
2026-04-29 05,35,45 5.188.10.4 FAILURE user_login, developer
2026-04-29 05,35,46 5.188.10.4 FAILURE user_login, developer
2026-04-29 05,35,47 5.188.10.4 FAILURE user_login, developer
2026-04-29 05,35,48 5.188.10.4 FAILURE user_login, developer
2026-04-29 05,35,49 5.188.10.4 FAILURE user_login, developer
2026-04-29 05,40,05 192.168.1.105 SUCCESS user_login, s_jones
2026-04-29 05,45,22 77.88.99.1 SUCCESS file_access, /root/.ssh/id_rsa
2026-04-29 05,50,33 203.0.113.45 SUCCESS url_request, /admin/settings/security
2026-04-29 05,55,10 10.0.0.12 SUCCESS user_login, j_smith
2026-04-29 06,0,15 45.33.22.110 ACCESS_DENIED url_request, /etc/issue
2026-04-29 06,5,40 192.168.1.45 SUCCESS url_request, /blog
2026-04-29 06,10,22 91.23.44.12 FAILURE user_login, admin_user
2026-04-29 06,10,23 91.23.44.12 FAILURE user_login, admin_user
2026-04-29 06,10,24 91.23.44.12 SUCCESS user_login, admin_user
2026-04-29 06,15,33 91.23.44.12 SUCCESS url_request, /admin/api_keys
2026-04-29 06,20,01 192.168.1.102 SUCCESS user_login, d_miller
2026-04-29 06,25,55 185.122.45.67 SUCCESS url_request, /wp-admin/includes/file.php
2026-04-29 06,30,12 10.0.0.50 SUCCESS file_access, /home/b_wright/data_dump.sql
2026-04-29 06,35,45 5.188.10.4 FAILURE user_login, tech_user
2026-04-29 06,35,46 5.188.10.4 FAILURE user_login, tech_user
2026-04-29 06,35,47 5.188.10.4 FAILURE user_login, tech_user
2026-04-29 06,35,48 5.188.10.4 FAILURE user_login, tech_user
2026-04-29 06,35,49 5.188.10.4 FAILURE user_login, tech_user
2026-04-29 06,40,05 192.168.1.55 SUCCESS user_login, a_clark
2026-04-29 06,45,22 172.16.5.12 SUCCESS url_request, /index.html
2026-04-29 06,50,33 91.23.44.12 SUCCESS url_request, /admin/backup/delete
2026-04-29 06,55,10 10.0.0.15 SUCCESS user_login, t_wilson
2026-04-29 07,0,15 103.44.12.99 ACCESS_DENIED url_request, /etc/passwd-
2026-04-29 07,5,40 192.168.1.45 SUCCESS url_request, /images/banner.jpg
2026-04-29 07,10,22 45.33.22.110 FAILURE user_login, root_admin
2026-04-29 07,10,23 45.33.22.110 FAILURE user_login, root_admin
2026-04-29 07,10,24 45.33.22.110 SUCCESS user_login, root_admin
2026-04-29 07,15,33 45.33.22.110 SUCCESS url_request, /admin/log_management
2026-04-29 07,20,01 192.168.1.105 SUCCESS user_login, s_jones
2026-04-29 07,25,55 185.122.45.67 SUCCESS url_request, /etc/shadow.bak
2026-04-29 07,30,12 10.0.0.22 SUCCESS file_access, /home/r_davis/credentials.json
2026-04-29 07,35,45 5.188.10.4 FAILURE user_login, monitoring
2026-04-29 07,35,46 5.188.10.4 FAILURE user_login, monitoring
2026-04-29 07,35,47 5.188.10.4 FAILURE user_login, monitoring
2026-04-29 07,35,48 5.188.10.4 FAILURE user_login, monitoring
2026-04-29 07,35,49 5.188.10.4 FAILURE user_login, monitoring
2026-04-29 07,40,05 192.168.1.102 SUCCESS user_login, d_miller
2026-04-29 07,45,22 77.88.99.1 SUCCESS file_access, /root/private_key
2026-04-29 07,50,33 45.33.22.110 SUCCESS url_request, /admin/database/query
2026-04-29 07,55,10 10.0.0.12 SUCCESS user_login, j_smith
2026-04-29 08,0,15 185.122.45.67 ACCESS_DENIED url_request, /etc/shadow
2026-04-29 08,5,40 192.168.1.55 SUCCESS url_request, /api/v1/status
2026-04-29 08,10,22 203.0.113.45 FAILURE user_login, db_admin
2026-04-29 08,10,23 203.0.113.45 FAILURE user_login, db_admin
2026-04-29 08,10,24 203.0.113.45 SUCCESS user_login, db_admin
2026-04-29 08,15,33 203.0.113.45 SUCCESS url_request, /admin/db_config
2026-04-29 08,20,01 192.168.1.45 SUCCESS user_login, j_smith
2026-04-29 08,25,55 103.44.12.99 SUCCESS url_request, /phpinfo
2026-04-29 08,30,12 10.0.0.50 SUCCESS file_access, /home/b_wright/log.txt
2026-04-29 08,35,45 5.188.10.4 FAILURE user_login, remote_user
2026-04-29 08,35,46 5.188.10.4 FAILURE user_login, remote_user
2026-04-29 08,35,47 5.188.10.4 FAILURE user_login, remote_user
2026-04-29 08,35,48 5.188.10.4 FAILURE user_login, remote_user
2026-04-29 08,35,49 5.188.10.4 FAILURE user_login, remote_user
2026-04-29 08,40,05 192.168.1.105 SUCCESS user_login, s_jones
2026-04-29 08,45,22 172.16.5.12 SUCCESS url_request, /search
2026-04-29 08,50,33 203.0.113.45 SUCCESS url_request, /admin/server/restart
2026-04-29 08,55,10 10.0.0.15 SUCCESS user_login, t_wilson
2026-04-29 09,0,15 45.33.22.110 ACCESS_DENIED url_request, /etc/sysctl.conf
2026-04-29 09,5,40 192.168.1.102 SUCCESS url_request, /profile
2026-04-29 09,10,22 91.23.44.12 FAILURE user_login, manager_admin
2026-04-29 09,10,23 91.23.44.12 FAILURE user_login, manager_admin
2026-04-29 09,10,24 91.23.44.12 SUCCESS user_login, manager_admin
2026-04-29 09,15,33 91.23.44.12 SUCCESS url_request, /admin/management_console
2026-04-29 09,20,01 192.168.1.55 SUCCESS user_login, a_clark
2026-04-29 09,25,55 185.122.45.67 SUCCESS url_request, /wp-config.php.swp
2026-04-29 09,30,12 10.0.0.22 SUCCESS file_access, /home/r_davis/test.py
2026-04-29 09,35,45 5.188.10.4 FAILURE user_login, build_user
2026-04-29 09,35,46 5.188.10.4 FAILURE user_login, build_user
2026-04-29 09,35,47 5.188.10.4 FAILURE user_login, build_user
2026-04-29 09,35,48 5.188.10.4 FAILURE user_login, build_user
2026-04-29 09,35,49 5.188.10.4 FAILURE user_login, build_user
2026-04-29 09,40,05 192.168.1.105 SUCCESS user_login, s_jones
2026-04-29 09,45,22 77.88.99.1 SUCCESS file_access, /root/secret.txt
2026-04-29 09,50,33 91.23.44.12 SUCCESS url_request, /admin/users/permissions/update
2026-04-29 09,55,10 10.0.0.12 SUCCESS user_login, j_smith
2026-04-29 10,0,15 103.44.12.99 ACCESS_DENIED url_request, /etc/sudoers.d/
2026-04-29 10,5,40 192.168.1.45 SUCCESS url_request, /help/support
2026-04-29 10,10,22 45.33.22.110 FAILURE user_login, dev_admin
2026-04-29 10,10,23 45.33.22.110 FAILURE user_login, dev_admin
2026-04-29 10,10,24 45.33.22.110 SUCCESS user_login, dev_admin
2026-04-29 10,15,33 45.33.22.110 SUCCESS url_request, /admin/dev_tools
2026-04-29 10,20,01 192.168.1.102 SUCCESS user_login, d_miller
2026-04-29 10,25,55 185.122.45.67 SUCCESS url_request, /api/v1/admin/config
2026-04-29 10,30,12 10.0.0.50 SUCCESS file_access, /home/b_wright/report.docx
2026-04-29 10,35,45 5.188.10.4 FAILURE user_login, git_user
2026-04-29 10,35,46 5.188.10.4 FAILURE user_login, git_user
2026-04-29 10,35,47 5.188.10.4 FAILURE user_login, git_user
2026-04-29 10,35,48 5.188.10.4 FAILURE user_login, git_user
2026-04-29 10,35,49 5.188.10.4 FAILURE user_login, git_user
2026-04-29 10,40,05 192.168.1.45 SUCCESS user_login, j_smith
2026-04-29 10,45,22 172.16.5.12 SUCCESS url_request, /api/v1/users
2026-04-29 10,50,33 45.33.22.110 SUCCESS url_request, /admin/system/status
2026-04-29 10,55,10 10.0.0.15 SUCCESS user_login, t_wilson
2026-04-29 11,0,15 185.122.45.67 ACCESS_DENIED url_request, /etc/networks
2026-04-29 11,5,40 192.168.1.102 SUCCESS url_request, /home/dashboard
2026-04-29 11,10,22 203.0.113.45 FAILURE user_login, maintenance_admin
2026-04-29 11,10,23 203.0.113.45 FAILURE user_login, maintenance_admin
2026-04-29 11,10,24 203.0.113.45 SUCCESS user_login, maintenance_admin
2026-04-29 11,15,33 203.0.113.45 SUCCESS url_request, /admin/maintenance_logs
2026-04-29 11,20,01 192.168.1.55 SUCCESS user_login, a_clark
2026-04-29 11,25,55 103.44.12.99 SUCCESS url_request, /.env.production
2026-04-29 11,30,12 10.0.0.22 SUCCESS file_access, /home/r_davis/log_file.txt
2026-04-29 11,35,45 5.188.10.4 FAILURE user_login, api_user
2026-04-29 11,35,46 5.188.10.4 FAILURE user_login, api_user
2026-04-29 11,35,47 5.188.10.4 FAILURE user_login, api_user
2026-04-29 11,35,48 5.188.10.4 FAILURE user_login, api_user
2026-04-29 11,35,49 5.188.10.4 FAILURE user_login, api_user
2026-04-29 11,40,05 192.168.1.105 SUCCESS user_login, s_jones
2026-04-29 11,45,22 77.88.99.1 SUCCESS file_access, /root/my_secrets.txt
2026-04-29 11,50,33 203.0.113.45 SUCCESS url_request, /admin/security/audit
2026-04-29 11,55,10 10.0.0.12 SUCCESS user_login, j_smith
2026-04-29 12,0,15 45.33.22.110 ACCESS_DENIED url_request, /etc/security/limits.conf
2026-04-29 12,5,40 192.168.1.45 SUCCESS url_request, /blog/post/1
2026-04-29 12,10,22 91.23.44.12 FAILURE user_login, supervisor_admin
2026-04-29 12,10,23 91.23.44.12 FAILURE user_login, supervisor_admin
2026-04-29 12,10,24 91.23.44.12 SUCCESS user_login, supervisor_admin
2026-04-29 12,15,33 91.23.44.12 SUCCESS url_request, /admin/supervisor_console
2026-04-29 12,20,01 192.168.1.102 SUCCESS user_login, d_miller
2026-04-29 12,25,55 185.122.45.67 SUCCESS url_request, /wp-config-sample.php
2026-04-29 12,30,12 10.0.0.50 SUCCESS file_access, /home/b_wright/data.log
2026-04-29 12,35,45 5.188.10.4 FAILURE user_login, web_user
2026-04-29 12,35,46 5.188.10.4 FAILURE user_login, web_user
2026-04-29 12,35,47 5.188.10.4 FAILURE user_login, web_user
2026-04-29 12,35,48 5.188.10.4 FAILURE user_login, web_user
2026-04-29 12,35,49 5.188.10.4 FAILURE user_login, web_user
2026-04-29 12,40,05 192.168.1.55 SUCCESS user_login, a_clark
2026-04-29 12,45,22 172.16.5.12 SUCCESS url_request, /api/v1/info
2026-04-29 12,50,33 91.23.44.12 SUCCESS url_request, /admin/user/reports
2026-04-29 12,55,10 10.0.0.15 SUCCESS user_login, t_wilson
2026-04-29 13,0,15 103.44.12.99 ACCESS_DENIED url_request, /etc/passwd-old
2026-04-29 13,5,40 192.168.1.45 SUCCESS url_request, /about-us
2026-04-29 13,10,22 45.33.22.110 FAILURE user_login, tech_admin
2026-04-29 13,10,23 45.33.22.110 FAILURE user_login, tech_admin
2026-04-29 13,10,24 45.33.22.110 SUCCESS user_login, tech_admin
2026-04-29 13,15,33 45.33.22.110 SUCCESS url_request, /admin/tech_support
2026-04-29 13,20,01 192.168.1.105 SUCCESS user_login, s_jones
2026-04-29 13,25,55 185.122.45.67 SUCCESS url_request, /admin/.env
2026-04-29 13,30,12 10.0.0.22 SUCCESS file_access, /home/r_davis/test_script.py
2026-04-29 13,35,45 5.188.10.4 FAILURE user_login, service_user
2026-04-29 13,35,46 5.188.10.4 FAILURE user_login, service_user
2026-04-29 13,35,47 5.188.10.4 FAILURE user_login, service_user
2026-04-29 13,35,48 5.188.10.4 FAILURE user_login, service_user
2026-04-29 13,35,49 5.188.10.4 FAILURE user_login, service_user
2026-04-29 13,40,05 192.168.1.102 SUCCESS user_login, d_miller
2026-04-29 13,45,22 77.88.99.1 SUCCESS file_access, /root/private_notes.txt
2026-04-29 13,50,33 45.33.22.110 SUCCESS url_request, /admin/server/config
2026-04-29 13,55,10 10.0.0.12 SUCCESS user_login, j_smith
2026-04-29 14,0,15 185.122.45.67 ACCESS_DENIED url_request, /etc/login.defs
2026-04-29 14,5,40 192.168.1.55 SUCCESS url_request, /api/v1/health_check
2026-04-29 14,10,22 203.0.113.45 FAILURE user_login, report_admin
2026-04-29 14,10,23 203.0.113.45 FAILURE user_login, report_admin
2026-04-29 14,10,24 203.0.113.45 SUCCESS user_login, report_admin
2026-04-29 14,15,33 203.0.113.45 SUCCESS url_request, /admin/report_generator
2026-04-29 14,20,01 192.168.1.45 SUCCESS user_login, j_smith
2026-04-29 14,25,55 103.44.12.99 SUCCESS url_request, /phpinfo.php?a=1
2026-04-29 14,30,12 10.0.0.50 SUCCESS file_access, /home/b_wright/test_data.csv
2026-04-29 14,35,45 5.188.10.4 FAILURE user_login, backup_user
2026-04-29 14,35,46 5.188.10.4 FAILURE user_login, backup_user
2026-04-29 14,35,47 5.188.10.4 FAILURE user_login, backup_user
2026-04-29 14,35,48 5.188.10.4 FAILURE user_login, backup_user
2026-04-29 14,35,49 5.188.10.4 FAILURE user_login, backup_user
2026-04-29 14,40,05 192.168.1.105 SUCCESS user_login, s_jones
2026-04-29 14,45,22 172.16.5.12 SUCCESS url_request, /search/results
2026-04-29 14,50,33 203.0.113.45 SUCCESS url_request, /admin/security/firewall
2026-04-29 14,55,10 10.0.0.15 SUCCESS user_login, t_wilson
2026-04-29 15,0,15 45.33.22.110 ACCESS_DENIED url_request, /etc/pam.d/common-auth
2026-04-29 15,5,40 192.168.1.102 SUCCESS url_request, /user/profile/edit
2026-04-29 15,10,22 91.23.44.12 FAILURE user_login, dashboard_admin
2026-04-29 15,10,23 91.23.44.12 FAILURE user_login, dashboard_admin
2026-04-29 15,10,24 91.23.44.12 SUCCESS user_login, dashboard_admin
2026-04-29 15,15,33 91.23.44.12 SUCCESS url_request, /admin/dashboard_config
2026-04-29 15,20,01 192.168.1.55 SUCCESS user_login, a_clark
2026-04-29 15,25,55 185.122.45.67 SUCCESS url_request, /wp-config.php.old
2026-04-29 15,30,12 10.0.0.22 SUCCESS file_access, /home/r_davis/script_v2.py
2026-04-29 15,35,45 5.188.10.4 FAILURE user_login, logs_user
2026-04-29 15,35,46 5.188.10.4 FAILURE user_login, logs_user
2026-04-29 15,35,47 5.188.10.4 FAILURE user_login, logs_user
2026-04-29 15,35,48 5.188.10.4 FAILURE user_login, logs_user
2026-04-29 15,35,49 5.188.10.4 FAILURE user_login, logs_user
2026-04-29 15,40,05 192.168.1.105 SUCCESS user_login, s_jones
2026-04-29 15,45,22 77.88.99.1 SUCCESS file_access, /root/access_log
2026-04-29 15,50,33 91.23.44.12 SUCCESS url_request, /admin/system/logs/view
2026-04-29 15,55,10 10.0.0.12 SUCCESS user_login, j_smith
2026-04-29 16,0,15 103.44.12.99 ACCESS_DENIED url_request, /etc/hostname.bak
2026-04-29 16,5,40 192.168.1.45 SUCCESS url_request, /support/faq
2026-04-29 16,10,22 45.33.22.110 FAILURE user_login, system_admin
2026-04-29 16,10,23 45.33.22.110 FAILURE user_login, system_admin
2026-04-29 16,10,24 45.33.22.110 SUCCESS user_login, system_admin
2026-04-29 16,15,33 45.33.22.110 SUCCESS url_request, /admin/system_config
2026-04-29 16,20,01 192.168.1.102 SUCCESS user_login, d_miller
2026-04-29 16,25,55 185.122.45.67 SUCCESS url_request, /api/v1/admin/users
2026-04-29 16,30,12 10.0.0.50 SUCCESS file_access, /home/b_wright/report_v2.docx
2026-04-29 16,35,45 5.188.10.4 FAILURE user_login, test_user
2026-04-29 16,35,46 5.188.10.4 FAILURE user_login, test_user
2026-04-29 16,35,47 5.188.10.4 FAILURE user_login, test_user
2026-04-29 16,35,48 5.188.10.4 FAILURE user_login, test_user
2026-04-29 16,35,49 5.188.10.4 FAILURE user_login, test_user
2026-04-29 16,40,05 192.168.1.45 SUCCESS user_login, j_smith
2026-04-29 16,45,22 172.16.5.12 SUCCESS url_request, /api/v1/profile
2026-04-29 16,50,33 45.33.22.110 SUCCESS url_request, /admin/user/list
2026-04-29 16,55,10 10.0.0.15 SUCCESS user_login, t_wilson
2026-04-29 17,0,15 185.122.45.67 ACCESS_DENIED url_request, /etc/shadow-
2026-04-29 17,5,40 192.168.1.102 SUCCESS url_request, /dashboard/overview
2026-04-29 17,10,22 203.0.113.45 FAILURE user_login, admin_02
2026-04-29 17,10,23 203.0.113.45 FAILURE user_login, admin_02
2026-04-29 17,10,24 203.0.113.45 SUCCESS user_login, admin_02
2026-04-29 17,15,33 203.0.113.45 SUCCESS url_request, /admin/security_audit
2026-04-29 17,20,01 192.168.1.55 SUCCESS user_login, a_clark
2026-04-29 17,25,55 103.44.12.99 SUCCESS url_request, /.env.local
2026-04-29 17,30,12 10.0.0.22 SUCCESS file_access, /home/r_davis/log_data.txt
2026-04-29 17,35,45 5.188.10.4 FAILURE user_login, admin_test
2026-04-29 17,35,46 5.188.10.4 FAILURE user_login, admin_test
2026-04-29 17,35,47 5.188.10.4 FAILURE user_login, admin_test
2026-04-29 17,35,48 5.188.10.4 FAILURE user_login, admin_test
2026-04-29 17,35,49 5.188.10.4 FAILURE user_login, admin_test
2026-04-29 17,40,05 192.168.1.105 SUCCESS user_login, s_jones
2026-04-29 17,45,22 77.88.99.1 SUCCESS file_access, /root/my_secrets_v2.txt
2026-04-29 17,50,33 203.0.113.45 SUCCESS url_request, /admin/system/restart
2026-04-29 17,55,10 10.0.0.12 SUCCESS user_login, j_smith
2026-04-29 18,0,15 45.33.22.110 ACCESS_DENIED url_request, /etc/passwd.bak
2026-04-29 18,5,40 192.168.1.45 SUCCESS url_request, /blog/post/2
2026-04-29 18,10,22 91.23.44.12 FAILURE user_login, monitor_admin
2026-04-29 18,10,23 91.23.44.12 FAILURE user_login, monitor_admin
2026-04-29 18,10,24 91.23.44.12 SUCCESS user_login, monitor_admin
2026-04-29 18,15,33 91.23.44.12 SUCCESS url_request, /admin/monitor_console
2026-04-29 18,20,01 192.168.1.102 SUCCESS user_login, d_miller
2026-04-29 18,25,55 185.122.45.67 SUCCESS url_request, /wp-config.php.backup
2026-04-29 18,30,12 10.0.0.50 SUCCESS file_access, /home/b_wright/report_v3.docx
2026-04-29 18,35,45 5.188.10.4 FAILURE user_login, guest_user
2026-04-29 18,35,46 5.188.10.4 FAILURE user_login, guest_user
2026-04-29 18,35,47 5.188.10.4 FAILURE user_login, guest_user
2026-04-29 18,35,48 5.188.10.4 FAILURE user_login, guest_user
2026-04-29 18,35,49 5.188.10.4 FAILURE user_login, guest_user
2026-04-29 18,40,05 192.168.1.55 SUCCESS user_login, a_clark
2026-04-29 18,45,22 172.16.5.12 SUCCESS url_request, /api/v1/healthcheck
2026-04-29 18,50,33 91.23.44.12 SUCCESS url_request, /admin/user/logs
2026-04-29 18,55,10 10.0.0.15 SUCCESS user_login, t_wilson
2026-04-29 19,0,15 103.44.12.99 ACCESS_DENIED url_request, /etc/shadow.old
2026-04-29 19,5,40 192.168.1.45 SUCCESS url_request, /products
2026-04-29 19,10,22 45.33.22.110 FAILURE user_login, support_admin
2026-04-29 19,10,23 45.33.22.110 FAILURE user_login, support_admin
2026-04-29 19,10,24 45.33.22.110 SUCCESS user_login, support_admin
2026-04-29 19,15,33 45.33.22.110 SUCCESS url_request, /admin/support_console
2026-04-29 19,20,01 192.168.1.105 SUCCESS user_login, s_jones
2026-04-29 19,25,55 185.122.45.67 SUCCESS url_request, /admin/config.php.old
2026-04-29 19,30,12 10.0.0.22 SUCCESS file_access, /home/r_davis/test_script_v2.py
2026-04-29 19,35,45 5.188.10.4 FAILURE user_login, system_user
2026-04-29 19,35,46 5.188.10.4 FAILURE user_login, system_user
2026-04-29 19,35,47 5.188.10.4 FAILURE user_login, system_user
2026-04-29 19,35,48 5.188.10.4 FAILURE user_login, system_user
2026-04-29 19,35,49 5.188.10.4 FAILURE user_login, system_user
2026-04-29 19,40,05 192.168.1.102 SUCCESS user_login, d_miller
2026-04-29 19,45,22 77.88.99.1 SUCCESS file_access, /root/my_secrets_v3.txt
2026-04-29 19,50,33 45.33.22.110 SUCCESS url_request, /admin/server/logs
2026-04-29 19,55,10 10.0.0.12 SUCCESS user_login, j_smith
2026-04-29 20,0,15 185.122.45.67 ACCESS_DENIED url_request, /etc/login.defs.bak
2026-04-29 20,5,40 192.168.1.55 SUCCESS url_request, /api/v1/status_check
2026-04-29 20,10,22 203.0.113.45 FAILURE user_login, audit_admin
2026-04-29 20,10,23 203.0.113.45 FAILURE user_login, audit_admin
2026-04-29 20,10,24 203.0.113.45 SUCCESS user_login, audit_admin
2026-04-29 20,15,33 203.0.113.45 SUCCESS url_request, /admin/audit_console
2026-04-29 20,20,01 192.168.1.45 SUCCESS user_login, j_smith
2026-04-29 20,25,55 103.44.12.99 SUCCESS url_request, /phpinfo.php?b=1
2026-04-29 20,30,12 10.0.0.50 SUCCESS file_access, /home/b_wright/test_data_v2.csv
2026-04-29 20,35,45 5.188.10.4 FAILURE user_login, user_test
2026-04-29 20,35,46 5.188.10.4 FAILURE user_login, user_test
2026-04-29 20,35,47 5.188.10.4 FAILURE user_login, user_test
2026-04-29 20,35,48 5.188.10.4 FAILURE user_login, user_test
2026-04-29 20,35,49 5.188.10.4 FAILURE user_login, user_test
2026-04-29 20,40,05 192.168.1.105 SUCCESS user_login, s_jones
2026-04-29 20,45,22 172.16.5.12 SUCCESS url_request, /search/overview
2026-04-29 20,50,33 203.0.113.45 SUCCESS url_request, /admin/security/logs
2026-04-29 20,55,10 10.0.0.15 SUCCESS user_login, t_wilson
2026-04-29 21,0,15 45.33.22.110 ACCESS_DENIED url_request, /etc/pam.d/common-session
2026-04-29 21,5,40 192.168.1.102 SUCCESS url_request, /user/profile/view
2026-04-29 21,10,22 91.23.44.12 FAILURE user_login, report_admin_v2
2026-04-29 21,10,23 91.23.44.12 FAILURE user_login, report_admin_v2
2026-04-29 21,10,24 91.23.44.12 SUCCESS user_login, report_admin_v2
2026-04-29 21,15,33 91.23.44.12 SUCCESS url_request, /admin/report_generator_v2
2026-04-29 21,20,01 192.168.1.55 SUCCESS user_login, a_clark
2026-04-29 21,25,55 185.122.45.67 SUCCESS url_request, /wp-config.php.sav
2026-04-29 21,30,12 10.0.0.22 SUCCESS file_access, /home/r_davis/script_v3.py
2026-04-29 21,35,45 5.188.10.4 FAILURE user_login, admin_user_test
2026-04-29 21,35,46 5.188.10.4 FAILURE user_login, admin_user_test
2026-04-29 21,35,47 5.188.10.4 FAILURE user_login, admin_user_test
2026-04-29 21,35,48 5.188.10.4 FAILURE user_login, admin_user_test
2026-04-29 21,35,49 5.188.10.4 FAILURE user_login, admin_user_test
2026-04-29 21,40,05 192.168.1.105 SUCCESS user_login, s_jones
2026-04-29 21,45,22 77.88.99.1 SUCCESS file_access, /root/private_notes_v2.txt
2026-04-29 21,50,33 91.23.44.12 SUCCESS url_request, /admin/system/audit
2026-04-29 21,55,10 10.0.0.12 SUCCESS user_login, j_smith
2026-04-29 22,0,15 103.44.12.99 ACCESS_DENIED url_request, /etc/shadow.bak-
2026-04-29 22,5,40 192.168.1.45 SUCCESS url_request, /support/contact
2026-04-29 22,10,22 45.33.22.110 FAILURE user_login, supervisor_admin_v2
2026-04-29 22,10,23 45.33.22.110 FAILURE user_login, supervisor_admin_v2
2026-04-29 22,10,24 45.33.22.110 SUCCESS user_login, supervisor_admin_v2
2026-04-29 22,15,33 45.33.22.110 SUCCESS url_request, /admin/supervisor_console_v2
2026-04-29 22,20,01 192.168.1.102 SUCCESS user_login, d_miller
2026-04-29 22,25,55 185.122.45.67 SUCCESS url_request, /api/v1/admin/audit
2026-04-29 22,30,12 10.0.0.50 SUCCESS file_access, /home/b_wright/report_v4.docx
2026-04-29 22,35,45 5.188.10.4 FAILURE user_login, maintenance_user
2026-04-29 22,35,46 5.188.10.4 FAILURE user_login, maintenance_user
2026-04-29 22,35,47 5.188.10.4 FAILURE user_login, maintenance_user
2026-04-29 22,35,48 5.188.10.4 FAILURE user_login, maintenance_user
2026-04-29 22,35,49 5.188.10.4 FAILURE user_login, maintenance_user
2026-04-29 22,40,05 192.168.1.45 SUCCESS user_login, j_smith
2026-04-29 22,45,22 172.16.5.12 SUCCESS url_request, /api/v1/settings
2026-04-29 22,50,33 45.33.22.110 SUCCESS url_request, /admin/user/audit
2026-04-29 22,55,10 10.0.0.15 SUCCESS user_login, t_wilson
2026-04-29 23,0,15 185.122.45.67 ACCESS_DENIED url_request, /etc/group-
2026-04-29 23,5,40 192.168.1.102 SUCCESS url_request, /dashboard/settings
2026-04-29 23,10,22 203.0.113.45 FAILURE user_login, admin_03
2026-04-29 23,10,23 203.0.113.45 FAILURE user_login, admin_03
2026-04-29 23,10,24 203.0.113.45 SUCCESS user_login, admin_03
2026-04-29 23,15,33 203.0.113.45 SUCCESS url_request, /admin/security_report
2026-04-29 23,20,01 192.168.1.55 SUCCESS user_login, a_clark
2026-04-29 23,25,55 103.44.12.99 SUCCESS url_request, /.env.test
2026-04-29 23,30,12 10.0.0.22 SUCCESS file_access, /home/r_davis/log_file_v2.txt
2026-04-29 23,35,45 5.188.10.4 FAILURE user_login, tech_user_test
2026-04-29 23,35,46 5.188.10.4 FAILURE user_login, tech_user_test
2026-04-29 23,35,47 5.188.10.4 FAILURE user_login, tech_user_test
2026-04-29 23,35,48 5.188.10.4 FAILURE user_login, tech_user_test
2026-04-29 23,35,49 5.188.10.4 FAILURE user_login, tech_user_test
2026-04-29 23,40,05 192.168.1.105 SUCCESS user_login, s_jones
2026-04-29 23,45,22 77.88.99.1 SUCCESS file_access, /root/my_secrets_v4.txt
2026-04-29 23,50,33 203.0.113.45 SUCCESS url_request, /admin/system/audit_logs
2026-04-29 23,55,10 10.0.0.12 SUCCESS user_login, j_smith
